doc_id,status,pages
1462752,rendered,8
3911288,rendered,46
4079564,rendered,6
4079565,rendered,8
5021275,rendered,79
6440202,rendered,69
6855543,rendered,26
8260959,rendered,74
9090685,rendered,10
1629208,rendered,188
4941409,rendered,1
7352761,rendered,22
7671011,rendered,9
7683315,rendered,29
7803736,rendered,1
8168166,rendered,33
8232884,rendered,9
8645860,rendered,7
8645863,rendered,15
8645868,rendered,1
4334177,rendered,2
4887007,rendered,61
5018637,rendered,6
5082003,rendered,19
6547901,rendered,6
9058456,rendered,42
9105905,rendered,24
4511408,rendered,21
5792618,rendered,12
5923761,rendered,26
6301295,rendered,51
6301296,rendered,35
6547319,rendered,34
6547320,rendered,45
6808672,rendered,30
6808673,rendered,33
7443726,rendered,93
7902341,rendered,21
7902344,rendered,31
8179329,rendered,4
8179330,rendered,1
8200233,rendered,9
8348101,rendered,21
8348102,rendered,47
8366876,rendered,1
8498058,rendered,18
8746123,rendered,92
8889555,rendered,9
8927282,rendered,12
8950097,rendered,23
871000,rendered,3
4488134,rendered,54
5480819,rendered,53
5888617,rendered,28
8707223,rendered,36
8905136,rendered,10
9093060,rendered,65
1063205,rendered,4
1317305,rendered,10
3841957,rendered,4
4623600,rendered,23
4719103,rendered,48
5668032,rendered,15
7688118,rendered,2
7688120,rendered,2
7688122,rendered,26
7688138,rendered,11
